{
  "protocol_version" : "0.0.6",
  "configuration" : {
    "version" : "(6.12.0.188) (2020-02/ca8abcb6bc4)",
    "tlc" : "normal",
    "sigsgev" : "altstack",
    "notifications" : "kqueue",
    "architecture" : "amd64",
    "disabled_features" : "none",
    "smallconfig" : "disabled",
    "bigarrays" : "disabled",
    "softdebug" : "enabled",
    "interpreter" : "enabled",
    "llvm_support" : "0",
    "suspend" : "hybrid"
  },
  "memory" : {
    "Resident Size" : "207290368",
    "Virtual Size" : "9146404864",
    "minor_gc_time" : "0",
    "major_gc_time" : "0",
    "minor_gc_count" : "0",
    "major_gc_count" : "0",
    "major_gc_time_concurrent" : "0"
 },
  "threads" : [
 {
    "is_managed" : true,
    "offset_free_hash" : "0x91a3d4e0d",
    "offset_rich_hash" : "0x91a3d4ec8",
    "crashed" : true,
    "native_thread_id" : "0x200bcce00",
    "thread_info_addr" : "0x7fcbd9808200",
    "thread_name" : "tid_103",
    "ctx" : {
      "IP" : "0x7fff24e33eac",
      "SP" : "0x3051343d0",
      "BP" : "0x3051343e0"
  },
    "managed_frames" : [
  {
      "is_managed" : "false",
      "native_address" : "unregistered"
   }
,
  {
      "is_managed" : "true",
      "guid" : "6B015EC5-60F3-41D3-803F-329CA4D4CFC9",
      "token" : "0x00000",
      "native_offset" : "0x0",
      "filename" : "System.Windows.Forms.dll",
      "sizeofimage" : "0x2ca000",
      "timestamp" : "0xb6c461ba",
      "il_offset" : "0xffffffff"
   }
,
  {
      "is_managed" : "true",
      "guid" : "6B015EC5-60F3-41D3-803F-329CA4D4CFC9",
      "token" : "0x6004180",
      "native_offset" : "0x0",
      "filename" : "System.Windows.Forms.dll",
      "sizeofimage" : "0x2ca000",
      "timestamp" : "0xb6c461ba",
      "il_offset" : "0x00005"
   }
,
  {
      "is_managed" : "true",
      "guid" : "6B015EC5-60F3-41D3-803F-329CA4D4CFC9",
      "token" : "0x600417f",
      "native_offset" : "0x0",
      "filename" : "System.Windows.Forms.dll",
      "sizeofimage" : "0x2ca000",
      "timestamp" : "0xb6c461ba",
      "il_offset" : "0x00000"
   }
,
  {
      "is_managed" : "true",
      "guid" : "6B015EC5-60F3-41D3-803F-329CA4D4CFC9",
      "token" : "0x6004056",
      "native_offset" : "0x0",
      "filename" : "System.Windows.Forms.dll",
      "sizeofimage" : "0x2ca000",
      "timestamp" : "0xb6c461ba",
      "il_offset" : "0x00000"
   }
,
  {
      "is_managed" : "true",
      "guid" : "6B015EC5-60F3-41D3-803F-329CA4D4CFC9",
      "token" : "0x6002943",
      "native_offset" : "0x0",
      "filename" : "System.Windows.Forms.dll",
      "sizeofimage" : "0x2ca000",
      "timestamp" : "0xb6c461ba",
      "il_offset" : "0x00034"
   }
,
  {
      "is_managed" : "true",
      "guid" : "BAB7D1A0-0376-483B-944D-B50CDC31E41D",
      "token" : "0x00000",
      "native_offset" : "0x0",
      "filename" : "mscorlib.dll",
      "sizeofimage" : "0x472000",
      "timestamp" : "0xdb61c1e9",
      "il_offset" : "0xffffffff"
   }
,
  {
      "is_managed" : "false",
      "native_address" : "unregistered"
   }
,
  {
      "is_managed" : "true",
      "guid" : "DB99144E-40D9-4129-B26E-2D2F42A5BEF8",
      "token" : "0x6000001",
      "native_offset" : "0x0",
      "filename" : "TuioDemo.exe",
      "sizeofimage" : "0x12000",
      "timestamp" : "0x63fc1468",
      "il_offset" : "0x00024"
   }
,
  {
      "is_managed" : "true",
      "guid" : "DB99144E-40D9-4129-B26E-2D2F42A5BEF8",
      "token" : "0x00000",
      "native_offset" : "0x0",
      "filename" : "TuioDemo.exe",
      "sizeofimage" : "0x12000",
      "timestamp" : "0x63fc1468",
      "il_offset" : "0x00019"
   }
,
  {
      "is_managed" : "true",
      "guid" : "DB99144E-40D9-4129-B26E-2D2F42A5BEF8",
      "token" : "0x600000f",
      "native_offset" : "0x0",
      "filename" : "TuioDemo.exe",
      "sizeofimage" : "0x12000",
      "timestamp" : "0x63fc1468",
      "il_offset" : "0x00048"
   }
,
  {
      "is_managed" : "true",
      "guid" : "DB99144E-40D9-4129-B26E-2D2F42A5BEF8",
      "token" : "0x00000",
      "native_offset" : "0x0",
      "filename" : "TuioDemo.exe",
      "sizeofimage" : "0x12000",
      "timestamp" : "0x63fc1468",
      "il_offset" : "0xffffffff"
   }

  ],
  "unmanaged_frames" : [
 {
    "is_managed" : "false",
    "native_address" : "0x1005db776",
    "native_offset" : "0x00000"
  }
,
 {
    "is_managed" : "false",
    "native_address" : "0x100777005",
    "native_offset" : "0x00000"
  }
,
 {
    "is_managed" : "false",
    "native_address" : "0x10077767a",
    "native_offset" : "0x00000"
  }
,
 {
    "is_managed" : "false",
    "native_address" : "0x100648947",
    "native_offset" : "0x00000"
  }
,
 {
    "is_managed" : "false",
    "native_address" : "0x1005e040e",
    "native_offset" : "0x00000"
  }
,
 {
    "is_managed" : "false",
    "native_address" : "0x1006427f6",
    "native_offset" : "0x00000"
  }
,
 {
    "is_managed" : "false",
    "native_address" : "0x7fff24e33eac",
    "native_offset" : "0x00000"
  }
,
 {
    "is_managed" : "true",
    "guid" : "6B015EC5-60F3-41D3-803F-329CA4D4CFC9",
    "token" : "0x00000",
    "native_offset" : "0x0",
    "filename" : "System.Windows.Forms.dll",
    "sizeofimage" : "0x2ca000",
    "timestamp" : "0xb6c461ba",
    "il_offset" : "0x00000"
  }
,
 {
    "is_managed" : "true",
    "guid" : "BAB7D1A0-0376-483B-944D-B50CDC31E41D",
    "token" : "0x00000",
    "native_offset" : "0x0",
    "filename" : "mscorlib.dll",
    "sizeofimage" : "0x472000",
    "timestamp" : "0xdb61c1e9",
    "il_offset" : "0x00000"
  }
,
 {
    "is_managed" : "false",
    "native_address" : "0x10053d352",
    "native_offset" : "0x00000"
  }
,
 {
    "is_managed" : "false",
    "native_address" : "0x10074e7e2",
    "native_offset" : "0x00000"
  }
,
 {
    "is_managed" : "false",
    "native_address" : "0x10074d408",
    "native_offset" : "0x00000"
  }
,
 {
    "is_managed" : "false",
    "native_address" : "0x100534d5c",
    "native_offset" : "0x00000"
  }
,
 {
    "is_managed" : "false",
    "native_address" : "0x1005388aa",
    "native_offset" : "0x00000"
  }
,
 {
    "is_managed" : "false",
    "native_address" : "0x1005e2f2e",
    "native_offset" : "0x00000"
  }
,
 {
    "is_managed" : "false",
    "native_address" : "0x1005e2970",
    "native_offset" : "0x00000"
  }
,
 {
    "is_managed" : "true",
    "guid" : "(null)",
    "token" : "0x00000",
    "native_offset" : "0x0",
    "filename" : "(null)",
    "sizeofimage" : "0x0",
    "timestamp" : "0x0",
    "il_offset" : "0x00000"
  }
,
 {
    "is_managed" : "true",
    "guid" : "DB99144E-40D9-4129-B26E-2D2F42A5BEF8",
    "token" : "0x6000001",
    "native_offset" : "0x0",
    "filename" : "TuioDemo.exe",
    "sizeofimage" : "0x12000",
    "timestamp" : "0x63fc1468",
    "il_offset" : "0x00000"
  }
,
 {
    "is_managed" : "true",
    "guid" : "DB99144E-40D9-4129-B26E-2D2F42A5BEF8",
    "token" : "0x00000",
    "native_offset" : "0x0",
    "filename" : "TuioDemo.exe",
    "sizeofimage" : "0x12000",
    "timestamp" : "0x63fc1468",
    "il_offset" : "0x00000"
  }

 ]
},
{
  "is_managed" : false,
  "offset_free_hash" : "0x0",
  "offset_rich_hash" : "0x0",
  "crashed" : false,
  "native_thread_id" : "0x3053ba000",
  "thread_info_addr" : "0x7fcbda808200",
  "thread_name" : "Finalizer",
  "ctx" : {
    "IP" : "0x7fff204092f6",
    "SP" : "0x3053b9eb8",
    "BP" : "0x3053b9f00"
 },
  "unmanaged_frames" : [
 {
    "is_managed" : "false",
    "native_address" : "0x1005db776",
    "native_offset" : "0x00000"
  }
,
 {
    "is_managed" : "false",
    "native_address" : "0x100777005",
    "native_offset" : "0x00000"
  }
,
 {
    "is_managed" : "false",
    "native_address" : "0x100776d37",
    "native_offset" : "0x00000"
  }
,
 {
    "is_managed" : "false",
    "native_address" : "0x100647880",
    "native_offset" : "0x00000"
  }
,
 {
    "is_managed" : "false",
    "native_address" : "0x7fff20483d7d",
    "native_offset" : "0x00000"
  }
,
 {
    "is_managed" : "false",
    "native_address" : "unregistered"
  }
,
 {
    "is_managed" : "false",
    "native_address" : "0x100777c4d",
    "native_offset" : "0x00000"
  }
,
 {
    "is_managed" : "false",
    "native_address" : "0x7fff2043e8fc",
    "native_offset" : "0x00000"
  }
,
 {
    "is_managed" : "false",
    "native_address" : "0x7fff2043a443",
    "native_offset" : "0x00000"
  }

 ]
},
{
  "is_managed" : false,
  "offset_free_hash" : "0x0",
  "offset_rich_hash" : "0x0",
  "crashed" : false,
  "native_thread_id" : "0x3055bd000",
  "thread_info_addr" : "0x7fcbd9024400",
  "thread_name" : "Debugger agent",
  "ctx" : {
    "IP" : "0x7fff2040c7fa",
    "SP" : "0x3055bcb98",
    "BP" : "0x3055bcbf0"
 },
  "unmanaged_frames" : [
 {
    "is_managed" : "false",
    "native_address" : "0x1005db776",
    "native_offset" : "0x00000"
  }
,
 {
    "is_managed" : "false",
    "native_address" : "0x100777005",
    "native_offset" : "0x00000"
  }
,
 {
    "is_managed" : "false",
    "native_address" : "0x100776d37",
    "native_offset" : "0x00000"
  }
,
 {
    "is_managed" : "false",
    "native_address" : "0x100647880",
    "native_offset" : "0x00000"
  }
,
 {
    "is_managed" : "false",
    "native_address" : "0x7fff20483d7d",
    "native_offset" : "0x00000"
  }
,
 {
    "is_managed" : "false",
    "native_address" : "unregistered"
  }
,
 {
    "is_managed" : "false",
    "native_address" : "0x100684406",
    "native_offset" : "0x00000"
  }
,
 {
    "is_managed" : "false",
    "native_address" : "0x100777c4d",
    "native_offset" : "0x00000"
  }
,
 {
    "is_managed" : "false",
    "native_address" : "0x7fff2043e8fc",
    "native_offset" : "0x00000"
  }
,
 {
    "is_managed" : "false",
    "native_address" : "0x7fff2043a443",
    "native_offset" : "0x00000"
  }

 ]
}
]
}